canonical_product_id,hs_version,hs6_code,code_status,basket,notes,vintage_break_year
854110,H5,854110,active,semiconductors_and_sme,Native HS2017 (H5) code.,
854110,H6,854110,active,semiconductors_and_sme,relationship n:1,
854121,H5,854121,active,semiconductors_and_sme,Native HS2017 (H5) code.,
854121,H6,854121,active,semiconductors_and_sme,relationship n:1,
854129,H5,854129,active,semiconductors_and_sme,Native HS2017 (H5) code.,
854129,H6,854129,active,semiconductors_and_sme,relationship n:1,
854130,H5,854130,active,semiconductors_and_sme,Native HS2017 (H5) code.,
854130,H6,854130,active,semiconductors_and_sme,relationship n:1,
854140,H5,854140,retired_2021,semiconductors_and_sme,Native HS2017 (H5) code.,
854140,H6,854141,introduced_2022,semiconductors_and_sme,"relationship n:1, split of 854140 into 854141, 854142, 854143, 854149",2022
854140,H6,854142,introduced_2022,semiconductors_and_sme,"relationship n:1, split of 854140 into 854141, 854142, 854143, 854149",2022
854140,H6,854143,introduced_2022,semiconductors_and_sme,"relationship n:1, split of 854140 into 854141, 854142, 854143, 854149",2022
854140,H6,854149,introduced_2022,semiconductors_and_sme,"relationship n:1, split of 854140 into 854141, 854142, 854143, 854149",2022
854150,H5,854150,retired_2021,semiconductors_and_sme,Native HS2017 (H5) code.,
854150,H6,854151,introduced_2022,semiconductors_and_sme,"override, see bridge_overrides.csv",2022
854150,H6,854159,introduced_2022,semiconductors_and_sme,"override, see bridge_overrides.csv",2022
854160,H5,854160,active,semiconductors_and_sme,Native HS2017 (H5) code.,
854160,H6,854160,active,semiconductors_and_sme,relationship n:1,
854190,H5,854190,active,semiconductors_and_sme,Native HS2017 (H5) code.,
854190,H6,854190,active,semiconductors_and_sme,relationship n:1,
854231,H5,854231,active,semiconductors_and_sme,Native HS2017 (H5) code.,
854231,H6,854231,active,semiconductors_and_sme,relationship n:1,
854232,H5,854232,active,semiconductors_and_sme,Native HS2017 (H5) code.,
854232,H6,854232,active,semiconductors_and_sme,relationship n:1,
854233,H5,854233,active,semiconductors_and_sme,Native HS2017 (H5) code.,
854233,H6,854233,active,semiconductors_and_sme,relationship n:1,
854239,H5,854239,active,semiconductors_and_sme,Native HS2017 (H5) code.,
854239,H6,854239,active,semiconductors_and_sme,relationship n:1,
854290,H5,854290,active,semiconductors_and_sme,Native HS2017 (H5) code.,
854290,H6,854290,active,semiconductors_and_sme,relationship n:1,
848610,H5,848610,active,semiconductors_and_sme,Native HS2017 (H5) code.,
848610,H6,848610,active,semiconductors_and_sme,relationship n:1,
848620,H5,848620,active,semiconductors_and_sme,Native HS2017 (H5) code.,
848620,H6,848620,active,semiconductors_and_sme,relationship n:1,
848630,H5,848630,active,semiconductors_and_sme,Native HS2017 (H5) code.,
848630,H6,848630,active,semiconductors_and_sme,relationship n:1,
848640,H5,848640,active,semiconductors_and_sme,Native HS2017 (H5) code.,
848640,H6,848640,active,semiconductors_and_sme,relationship n:1,
848690,H5,848690,active,semiconductors_and_sme,Native HS2017 (H5) code.,
848690,H6,848690,active,semiconductors_and_sme,relationship n:1,
280530,H5,280530,active,rare_earths_and_magnets,Native HS2017 (H5) code.,
280530,H6,280530,active,rare_earths_and_magnets,relationship 1:1,
284610,H5,284610,active,rare_earths_and_magnets,Native HS2017 (H5) code.,
284610,H6,284610,active,rare_earths_and_magnets,relationship 1:1,
284690,H5,284690,active,rare_earths_and_magnets,Native HS2017 (H5) code.,
284690,H6,284690,active,rare_earths_and_magnets,relationship 1:1,
850511,H5,850511,active,rare_earths_and_magnets,Native HS2017 (H5) code.,
850511,H6,850511,active,rare_earths_and_magnets,relationship n:1,
