hs6_code,hs_version,basket,canonical_product_id,candidate_source,us_net_import_reliance_pct,decision,decision_basis
854110,H5,semiconductors_and_sme,854110,,,include,
854110,H6,semiconductors_and_sme,854110,,,include,
854121,H5,semiconductors_and_sme,854121,,,include,
854121,H6,semiconductors_and_sme,854121,,,include,
854129,H5,semiconductors_and_sme,854129,,,include,
854129,H6,semiconductors_and_sme,854129,,,include,
854130,H5,semiconductors_and_sme,854130,,,include,
854130,H6,semiconductors_and_sme,854130,,,include,
854140,H5,semiconductors_and_sme,854140,,,include,
854141,H6,semiconductors_and_sme,854140,,,include,
854142,H6,semiconductors_and_sme,854140,,,include,
854143,H6,semiconductors_and_sme,854140,,,include,
854149,H6,semiconductors_and_sme,854140,,,include,
854150,H5,semiconductors_and_sme,854150,,,include,
854151,H6,semiconductors_and_sme,854150,,,include,
854159,H6,semiconductors_and_sme,854150,,,include,
854160,H5,semiconductors_and_sme,854160,,,include,
854160,H6,semiconductors_and_sme,854160,,,include,
854190,H5,semiconductors_and_sme,854190,,,include,
854190,H6,semiconductors_and_sme,854190,,,include,
854231,H5,semiconductors_and_sme,854231,,,include,
854231,H6,semiconductors_and_sme,854231,,,include,
854232,H5,semiconductors_and_sme,854232,,,include,
854232,H6,semiconductors_and_sme,854232,,,include,
854233,H5,semiconductors_and_sme,854233,,,include,
854233,H6,semiconductors_and_sme,854233,,,include,
854239,H5,semiconductors_and_sme,854239,,,include,
854239,H6,semiconductors_and_sme,854239,,,include,
854290,H5,semiconductors_and_sme,854290,,,include,
854290,H6,semiconductors_and_sme,854290,,,include,
848610,H5,semiconductors_and_sme,848610,,,include,
848610,H6,semiconductors_and_sme,848610,,,include,
848620,H5,semiconductors_and_sme,848620,,,include,
848620,H6,semiconductors_and_sme,848620,,,include,
848630,H5,semiconductors_and_sme,848630,,,include,
848630,H6,semiconductors_and_sme,848630,,,include,
848640,H5,semiconductors_and_sme,848640,,,include,
848640,H6,semiconductors_and_sme,848640,,,include,
848690,H5,semiconductors_and_sme,848690,,,include,
848690,H6,semiconductors_and_sme,848690,,,include,
280530,H5,rare_earths_and_magnets,280530,,,include,
280530,H6,rare_earths_and_magnets,280530,,,include,
284610,H5,rare_earths_and_magnets,284610,,,include,
284610,H6,rare_earths_and_magnets,284610,,,include,
284690,H5,rare_earths_and_magnets,284690,,,include,
284690,H6,rare_earths_and_magnets,284690,,,include,
850511,H5,rare_earths_and_magnets,850511,,,include,
850511,H6,rare_earths_and_magnets,850511,,,include,
850519,H5,rare_earths_and_magnets,850519,,,exclude,
253090,H5,rare_earths_and_magnets,253090,,,exclude,
360690,H5,rare_earths_and_magnets,360690,,,exclude,
903082,H5,semiconductors_and_sme,903082,,,exclude,
