portid,chokepoint_name,latitude,longitude,source
chokepoint1,Suez Canal,30.59334599,32.43688221,IMF PortWatch chokepoints database (ArcGIS FeatureServer)
chokepoint2,Panama Canal,9.120512367,-79.76723825,IMF PortWatch chokepoints database (ArcGIS FeatureServer)
chokepoint3,Bosporus Strait,41.16928167,29.09150126,IMF PortWatch chokepoints database (ArcGIS FeatureServer)
chokepoint4,Bab el-Mandeb Strait,12.78859715,43.34954476,IMF PortWatch chokepoints database (ArcGIS FeatureServer)
chokepoint5,Malacca Strait,1.516954817,102.6651061,IMF PortWatch chokepoints database (ArcGIS FeatureServer)
chokepoint6,Strait of Hormuz,26.29685349,56.85984844,IMF PortWatch chokepoints database (ArcGIS FeatureServer)
chokepoint7,Cape of Good Hope,-34.92728556,20.88273666,IMF PortWatch chokepoints database (ArcGIS FeatureServer)
chokepoint8,Gibraltar Strait,35.94227416,-5.754895722,IMF PortWatch chokepoints database (ArcGIS FeatureServer)
chokepoint9,Dover Strait,51.03022414,1.505839717,IMF PortWatch chokepoints database (ArcGIS FeatureServer)
chokepoint10,Oresund Strait,55.50784043,12.85079477,IMF PortWatch chokepoints database (ArcGIS FeatureServer)
chokepoint11,Taiwan Strait,24.72350972,119.8313644,IMF PortWatch chokepoints database (ArcGIS FeatureServer)
chokepoint12,Korea Strait,34.13076811,129.209206,IMF PortWatch chokepoints database (ArcGIS FeatureServer)
chokepoint13,Tsugaru Strait,41.32803599,140.3532743,IMF PortWatch chokepoints database (ArcGIS FeatureServer)
chokepoint14,Luzon Strait,20.488890710794,121.352295045579,IMF PortWatch chokepoints database (ArcGIS FeatureServer)
chokepoint15,Lombok Strait,-8.41914514129252,115.801433044024,IMF PortWatch chokepoints database (ArcGIS FeatureServer)
chokepoint16,Ombai Strait,-8.39854120024364,125.090981399512,IMF PortWatch chokepoints database (ArcGIS FeatureServer)
chokepoint17,Bohai Strait,38.373044249766,120.900049176636,IMF PortWatch chokepoints database (ArcGIS FeatureServer)
chokepoint18,Torres Strait,-9.86253413199954,142.247528743501,IMF PortWatch chokepoints database (ArcGIS FeatureServer)
chokepoint19,Sunda Strait,-5.96684057041462,105.775219888066,IMF PortWatch chokepoints database (ArcGIS FeatureServer)
chokepoint20,Makassar Strait,0.352280586988657,119.257065444388,IMF PortWatch chokepoints database (ArcGIS FeatureServer)
chokepoint21,Magellan Strait,-52.6403396677892,-69.5948324606974,IMF PortWatch chokepoints database (ArcGIS FeatureServer)
chokepoint22,Yucatan Channel,21.8152541926988,-85.6472792223515,IMF PortWatch chokepoints database (ArcGIS FeatureServer)
chokepoint23,Windward Passage,19.9861871932071,-73.6975398964955,IMF PortWatch chokepoints database (ArcGIS FeatureServer)
chokepoint24,Mona Passage,18.4487355684237,-67.7113544869163,IMF PortWatch chokepoints database (ArcGIS FeatureServer)
chokepoint25,Balabac Strait,7.413614993177675,117.11462168266297,IMF PortWatch chokepoints database (ArcGIS FeatureServer)
chokepoint26,Bering Strait,65.96648859155934,-165.54982861145731,IMF PortWatch chokepoints database (ArcGIS FeatureServer)
chokepoint27,Mindoro Strait,12.468315371959248,120.40342787801248,IMF PortWatch chokepoints database (ArcGIS FeatureServer)
chokepoint28,Kerch Strait,45.26676309041701,36.54390169965004,IMF PortWatch chokepoints database (ArcGIS FeatureServer)
