hs6_code,year,air_share,container_vessel_share,other_vessel_share,land_other_share
280530,2018,0.561023,0.379831,0.0,0.059146
280530,2019,0.529756,0.384881,0.010115,0.075247
280530,2020,0.768533,0.193267,0.020034,0.018167
280530,2021,0.82006,0.160871,0.00471,0.014358
280530,2022,0.514033,0.468047,0.00197,0.01595
280530,2023,0.333471,0.657938,0.0,0.008591
280530,2024,0.197541,0.425313,0.102867,0.274279
280530,2025,0.384404,0.578283,0.0,0.037312
284610,2018,0.053528,0.858638,0.061225,0.026609
284610,2019,0.015113,0.945338,0.00357,0.035978
284610,2020,0.092264,0.874661,0.011907,0.021169
284610,2021,0.608858,0.36316,0.019394,0.008588
284610,2022,0.695828,0.264292,0.01429,0.025591
284610,2023,0.132239,0.847289,0.00591,0.014562
284610,2024,0.060215,0.922821,0.001684,0.01528
284610,2025,0.034629,0.924626,0.007329,0.033417
284690,2018,0.16236,0.688842,0.115431,0.033368
284690,2019,0.118064,0.745233,0.091875,0.044829
284690,2020,0.234325,0.561658,0.185719,0.018298
284690,2021,0.259975,0.611518,0.106172,0.022335
284690,2022,0.219006,0.699019,0.06954,0.012435
284690,2023,0.354309,0.580988,0.050104,0.014599
284690,2024,0.307478,0.62662,0.041318,0.024584
284690,2025,0.445559,0.514369,0.01751,0.022562
848610,2018,0.733982,0.162765,0.10153,0.001723
848610,2019,0.667305,0.325505,0.005872,0.001318
848610,2020,0.591902,0.21131,0.194487,0.0023
848610,2021,0.756242,0.127534,0.11297,0.003255
848610,2022,0.688905,0.22644,0.080249,0.004406
848610,2023,0.544341,0.3836,0.071759,0.0003
848610,2024,0.370575,0.602903,0.021681,0.004841
848610,2025,0.420722,0.568947,0.009929,0.000402
848620,2018,0.810421,0.172489,0.001904,0.015186
848620,2019,0.695329,0.294833,0.001418,0.008419
848620,2020,0.716343,0.258524,0.002385,0.022748
848620,2021,0.743437,0.221292,0.003365,0.031906
848620,2022,0.845014,0.124527,0.009872,0.020586
848620,2023,0.585881,0.392773,0.004038,0.017308
848620,2024,0.499396,0.478664,0.006706,0.015234
848620,2025,0.612528,0.365836,0.0084,0.013237
848630,2018,0.485809,0.50326,0.010435,0.000495
848630,2019,0.926188,0.073812,0.0,0.0
848630,2020,0.783257,0.215343,0.0,0.0014
848630,2021,0.91517,0.082945,0.0,0.001885
848630,2022,0.758754,0.237799,0.0,0.003447
848630,2023,0.949436,0.037946,0.001509,0.011109
848630,2024,0.764853,0.202001,0.013578,0.019567
848630,2025,0.384404,0.615596,0.0,0.0
848640,2018,0.779231,0.206644,0.002554,0.011571
848640,2019,0.665052,0.310423,0.005272,0.019254
848640,2020,0.775429,0.18434,0.005912,0.034319
848640,2021,0.849734,0.112506,0.008419,0.029341
848640,2022,0.799684,0.171099,0.005845,0.023372
848640,2023,0.628339,0.359304,0.001556,0.010801
848640,2024,0.576368,0.385895,0.006964,0.030773
848640,2025,0.595959,0.38937,0.003572,0.011099
848690,2018,0.917525,0.037077,0.003006,0.042393
848690,2019,0.90882,0.057648,0.005197,0.028335
848690,2020,0.919821,0.045023,0.004983,0.030174
848690,2021,0.887548,0.064088,0.005064,0.0433
848690,2022,0.872031,0.077679,0.003307,0.046983
848690,2023,0.845915,0.111442,0.001151,0.041492
848690,2024,0.828404,0.132677,0.001718,0.037201
848690,2025,0.857279,0.10171,0.003345,0.037666
850511,2018,0.346797,0.504561,0.101749,0.046893
850511,2019,0.263063,0.573714,0.106959,0.056264
850511,2020,0.2579,0.582436,0.095937,0.063727
850511,2021,0.301685,0.518533,0.101364,0.078418
850511,2022,0.237581,0.560508,0.124448,0.077463
850511,2023,0.177165,0.600842,0.168663,0.05333
850511,2024,0.230274,0.61575,0.107576,0.046401
850511,2025,0.336477,0.566541,0.053293,0.043689
854110,2018,0.831982,0.133036,0.008276,0.026707
854110,2019,0.821128,0.138258,0.00933,0.031283
854110,2020,0.821788,0.131837,0.017868,0.028507
854110,2021,0.862523,0.088552,0.023357,0.025568
854110,2022,0.832411,0.126924,0.014147,0.026518
854110,2023,0.853161,0.105507,0.006859,0.034473
854110,2024,0.766493,0.178857,0.014695,0.039954
854110,2025,0.853406,0.115327,0.007707,0.02356
854121,2018,0.94838,0.047171,0.0009,0.00355
854121,2019,0.947954,0.044256,0.000835,0.006954
854121,2020,0.903896,0.052751,0.031504,0.011849
854121,2021,0.925461,0.040187,0.025735,0.008617
854121,2022,0.940687,0.03538,0.005271,0.018662
854121,2023,0.923754,0.045696,0.001376,0.029174
854121,2024,0.659776,0.307423,0.006298,0.026503
854121,2025,0.521675,0.462127,0.00094,0.015259
854129,2018,0.698559,0.023303,0.000274,0.277865
854129,2019,0.705691,0.036714,0.000393,0.257203
854129,2020,0.647282,0.077103,0.001423,0.274192
854129,2021,0.650299,0.102621,0.001471,0.24561
854129,2022,0.697523,0.086885,0.000315,0.215277
854129,2023,0.727599,0.082663,0.00036,0.189379
854129,2024,0.706922,0.116589,0.000835,0.175654
854129,2025,0.793875,0.169509,0.000807,0.035809
854130,2018,0.843349,0.095901,0.020018,0.040732
854130,2019,0.919773,0.040315,0.009275,0.030638
854130,2020,0.916341,0.027465,0.007515,0.048679
854130,2021,0.930016,0.011452,0.007486,0.051047
854130,2022,0.861929,0.041137,0.005462,0.091472
854130,2023,0.842463,0.047989,0.01382,0.095729
854130,2024,0.80018,0.071738,0.06818,0.059902
854130,2025,0.82155,0.075627,0.016452,0.086371
854140,2018,0.402794,0.499411,0.002752,0.095042
854140,2019,0.23805,0.710547,0.001094,0.050309
854140,2020,0.175381,0.777107,0.002428,0.045084
854140,2021,0.246518,0.719352,0.002486,0.031644
854150,2018,0.972135,0.001897,0.000254,0.025713
854150,2019,0.984111,0.001328,0.000167,0.014394
854150,2020,0.989323,0.003659,2.6e-05,0.006993
854150,2021,0.987125,0.001585,1.6e-05,0.011275
854160,2018,0.973228,0.021423,0.001132,0.004217
854160,2019,0.950354,0.031457,0.008533,0.009656
854160,2020,0.644823,0.019969,0.001929,0.333279
854160,2021,0.881299,0.017405,0.00148,0.099816
854160,2022,0.901293,0.016857,0.001524,0.080326
854160,2023,0.898733,0.033557,0.002822,0.064889
854160,2024,0.927545,0.037529,0.0077,0.027226
854160,2025,0.962219,0.026082,0.004104,0.007595
854190,2018,0.655472,0.201446,0.01027,0.132812
854190,2019,0.466736,0.449989,0.00541,0.077865
854190,2020,0.380292,0.529253,0.003476,0.086979
854190,2021,0.390116,0.486511,0.003563,0.11981
854190,2022,0.355525,0.528665,0.004469,0.111341
854190,2023,0.345172,0.475638,0.001942,0.177248
854190,2024,0.272207,0.608319,0.002718,0.116756
854190,2025,0.150397,0.761687,0.003117,0.0848
854231,2018,0.955197,0.00813,0.000317,0.036356
854231,2019,0.951038,0.00857,0.000244,0.040148
854231,2020,0.966023,0.009114,0.000309,0.024554
854231,2021,0.957123,0.006409,0.000116,0.036353
854231,2022,0.940594,0.005457,0.000107,0.053842
854231,2023,0.956173,0.009235,0.0001,0.034491
854231,2024,0.968256,0.009015,0.000378,0.022351
854231,2025,0.978285,0.007525,8.4e-05,0.014105
854232,2018,0.988902,0.006065,6.1e-05,0.004972
854232,2019,0.983332,0.010445,0.000105,0.006118
854232,2020,0.977746,0.010128,0.000711,0.011414
854232,2021,0.98461,0.007874,0.000154,0.007362
854232,2022,0.980576,0.004381,0.000423,0.01462
854232,2023,0.973179,0.00744,0.001289,0.018092
854232,2024,0.975505,0.004119,0.000662,0.019714
854232,2025,0.986901,0.00367,0.000615,0.008815
854233,2018,0.482425,0.006239,0.000603,0.510732
854233,2019,0.493415,0.006422,0.000453,0.49971
854233,2020,0.631908,0.011921,0.002436,0.353735
854233,2021,0.964745,0.011506,0.001619,0.02213
854233,2022,0.96582,0.008816,0.001408,0.023956
854233,2023,0.966761,0.009994,0.001924,0.021321
854233,2024,0.951957,0.010112,0.000268,0.037663
854233,2025,0.971909,0.011615,2.4e-05,0.016452
854239,2018,0.889601,0.011733,0.001026,0.097641
854239,2019,0.888894,0.014322,0.001441,0.095343
854239,2020,0.832466,0.012091,0.001777,0.153666
854239,2021,0.819401,0.008969,0.000867,0.170762
854239,2022,0.86703,0.005139,0.00071,0.127121
854239,2023,0.850396,0.008732,0.000319,0.140553
854239,2024,0.815262,0.009387,0.000638,0.174713
854239,2025,0.906122,0.028599,0.000335,0.064944
854290,2018,0.920089,0.054613,0.00652,0.018778
854290,2019,0.918178,0.045447,0.0053,0.031075
854290,2020,0.954075,0.025949,0.004082,0.015894
854290,2021,0.932424,0.048246,0.001803,0.017526
854290,2022,0.955773,0.025998,0.002484,0.015746
854290,2023,0.908489,0.054433,0.007978,0.0291
854290,2024,0.792249,0.178208,0.009277,0.020266
854290,2025,0.892363,0.071654,0.001545,0.034437
