hs6_code,year,west_coast_share,east_coast_share,gulf_share,basis
280530,2018,0.081591,0.918409,0.0,vessel_value
280530,2019,0.056671,0.911196,0.0,vessel_value
280530,2020,0.116622,0.883378,0.0,vessel_value
280530,2021,0.12912,0.87088,0.0,vessel_value
280530,2022,0.728098,0.259848,0.012055,vessel_value
280530,2023,0.795081,0.161903,0.043016,vessel_value
280530,2024,0.194757,0.805243,0.0,vessel_value
280530,2025,0.172932,0.204988,0.62208,vessel_value
284610,2018,0.711643,0.253229,0.035023,vessel_value
284610,2019,0.806274,0.188469,0.00373,vessel_value
284610,2020,0.736361,0.258116,0.005523,vessel_value
284610,2021,0.427652,0.516655,0.054098,vessel_value
284610,2022,0.28656,0.644241,0.065074,vessel_value
284610,2023,0.748101,0.228956,0.022942,vessel_value
284610,2024,0.789534,0.203009,0.005655,vessel_value
284610,2025,0.824811,0.165006,0.010183,vessel_value
284690,2018,0.295117,0.52834,0.171197,vessel_value
284690,2019,0.244413,0.606086,0.142789,vessel_value
284690,2020,0.331633,0.537676,0.130691,vessel_value
284690,2021,0.222463,0.680573,0.096055,vessel_value
284690,2022,0.483662,0.43898,0.076584,vessel_value
284690,2023,0.406611,0.505667,0.087722,vessel_value
284690,2024,0.343968,0.610539,0.045493,vessel_value
284690,2025,0.438029,0.5026,0.059371,vessel_value
848610,2018,0.918359,0.081641,0.0,vessel_value
848610,2019,0.911091,0.066106,0.022804,vessel_value
848610,2020,0.920023,0.079977,0.0,vessel_value
848610,2021,0.848888,0.079084,0.063108,vessel_value
848610,2022,0.857011,0.133211,0.009777,vessel_value
848610,2023,0.854334,0.142009,0.003657,vessel_value
848610,2024,0.497479,0.349648,0.152873,vessel_value
848610,2025,0.190527,0.121728,0.687744,vessel_value
848620,2018,0.891908,0.08279,0.025302,vessel_value
848620,2019,0.898951,0.095929,0.005077,vessel_value
848620,2020,0.893874,0.090792,0.015334,vessel_value
848620,2021,0.916484,0.076635,0.006881,vessel_value
848620,2022,0.762694,0.21853,0.018776,vessel_value
848620,2023,0.900148,0.085159,0.014682,vessel_value
848620,2024,0.769817,0.168296,0.061858,vessel_value
848620,2025,0.662803,0.115473,0.221724,vessel_value
848630,2018,0.92685,0.07315,0.0,vessel_value
848630,2019,0.877692,0.122308,0.0,vessel_value
848630,2020,0.912069,0.087931,0.0,vessel_value
848630,2021,0.753574,0.246426,0.0,vessel_value
848630,2022,0.908639,0.080935,0.010427,vessel_value
848630,2023,0.206574,0.767413,0.026013,vessel_value
848630,2024,0.933568,0.066432,0.0,vessel_value
848630,2025,0.500579,0.496373,0.003048,vessel_value
848640,2018,0.764355,0.210213,0.025432,vessel_value
848640,2019,0.904488,0.09176,0.003752,vessel_value
848640,2020,0.831966,0.137254,0.025871,vessel_value
848640,2021,0.721557,0.230289,0.048155,vessel_value
848640,2022,0.653242,0.316626,0.030132,vessel_value
848640,2023,0.493674,0.316831,0.189225,vessel_value
848640,2024,0.573645,0.274453,0.151902,vessel_value
848640,2025,0.546299,0.293649,0.160052,vessel_value
848690,2018,0.62467,0.362191,0.013138,vessel_value
848690,2019,0.660751,0.333476,0.00554,vessel_value
848690,2020,0.573513,0.420219,0.005415,vessel_value
848690,2021,0.468221,0.525945,0.005586,vessel_value
848690,2022,0.500006,0.47044,0.0294,vessel_value
848690,2023,0.649417,0.331583,0.018917,vessel_value
848690,2024,0.646031,0.313373,0.040597,vessel_value
848690,2025,0.529749,0.351959,0.118266,vessel_value
850511,2018,0.801817,0.164846,0.031515,vessel_value
850511,2019,0.754471,0.190397,0.054321,vessel_value
850511,2020,0.743508,0.186947,0.067726,vessel_value
850511,2021,0.782761,0.160596,0.055137,vessel_value
850511,2022,0.746556,0.170315,0.081994,vessel_value
850511,2023,0.765861,0.163142,0.069848,vessel_value
850511,2024,0.747708,0.186447,0.064715,vessel_value
850511,2025,0.729476,0.184321,0.084519,vessel_value
854110,2018,0.834912,0.161283,0.003759,vessel_value
854110,2019,0.717399,0.280289,0.002275,vessel_value
854110,2020,0.711577,0.284028,0.002809,vessel_value
854110,2021,0.600743,0.395723,0.003347,vessel_value
854110,2022,0.759164,0.236934,0.00294,vessel_value
854110,2023,0.822392,0.167595,0.009399,vessel_value
854110,2024,0.719869,0.093234,0.182704,vessel_value
854110,2025,0.772012,0.205379,0.014193,vessel_value
854121,2018,0.220294,0.758912,0.020795,vessel_value
854121,2019,0.320926,0.678293,0.000781,vessel_value
854121,2020,0.356783,0.634803,0.000958,vessel_value
854121,2021,0.212584,0.787124,0.000292,vessel_value
854121,2022,0.533522,0.465907,0.000571,vessel_value
854121,2023,0.641518,0.201055,0.157427,vessel_value
854121,2024,0.908083,0.086758,0.005159,vessel_value
854121,2025,0.690249,0.309535,0.000216,vessel_value
854129,2018,0.799804,0.197569,0.002627,vessel_value
854129,2019,0.799417,0.199639,0.000944,vessel_value
854129,2020,0.763397,0.225156,0.010412,vessel_value
854129,2021,0.5572,0.4388,0.003948,vessel_value
854129,2022,0.622501,0.376893,0.000605,vessel_value
854129,2023,0.679022,0.317606,0.003372,vessel_value
854129,2024,0.698184,0.279134,0.022682,vessel_value
854129,2025,0.706575,0.262485,0.030873,vessel_value
854130,2018,0.557518,0.43328,0.009202,vessel_value
854130,2019,0.211537,0.772506,0.015957,vessel_value
854130,2020,0.616408,0.308411,0.070755,vessel_value
854130,2021,0.29269,0.534359,0.172951,vessel_value
854130,2022,0.355688,0.339315,0.304997,vessel_value
854130,2023,0.391396,0.533036,0.075568,vessel_value
854130,2024,0.130926,0.814659,0.043116,vessel_value
854130,2025,0.351487,0.173641,0.45862,vessel_value
854140,2018,0.491815,0.39214,0.11579,vessel_value
854140,2019,0.445044,0.383139,0.17142,vessel_value
854140,2020,0.438413,0.410758,0.150722,vessel_value
854140,2021,0.474348,0.411715,0.111779,vessel_value
854141,2022,0.699402,0.239051,0.050239,vessel_value
854141,2023,0.765713,0.164327,0.041949,vessel_value
854141,2024,0.754393,0.190819,0.05171,vessel_value
854141,2025,0.755043,0.198472,0.016904,vessel_value
854142,2022,0.048328,0.911914,0.039758,vessel_value
854142,2023,0.14243,0.854744,0.002826,vessel_value
854142,2024,0.556666,0.436512,0.006822,vessel_value
854142,2025,0.713939,0.240177,0.045421,vessel_value
854143,2022,0.433779,0.433977,0.122752,vessel_value
854143,2023,0.356656,0.353184,0.281876,vessel_value
854143,2024,0.43261,0.34998,0.217255,vessel_value
854143,2025,0.395892,0.457852,0.146167,vessel_value
854149,2022,0.659951,0.192382,0.114226,vessel_value
854149,2023,0.270101,0.620142,0.093945,vessel_value
854149,2024,0.563332,0.39909,0.035133,vessel_value
854149,2025,0.382663,0.464527,0.119937,vessel_value
854150,2018,0.382562,0.615178,0.00226,vessel_value
854150,2019,0.51842,0.48158,0.0,vessel_value
854150,2020,0.637581,0.350606,0.011814,vessel_value
854150,2021,0.304886,0.636048,0.059067,vessel_value
854151,2022,0.391198,0.45278,0.156021,vessel_value
854151,2023,0.430893,0.316247,0.25286,vessel_value
854151,2024,0.253116,0.669315,0.077569,vessel_value
854151,2025,0.136789,0.443277,0.419934,vessel_value
854159,2022,0.414056,0.585944,0.0,vessel_value
854159,2023,0.558303,0.441697,0.0,vessel_value
854159,2024,0.547744,0.438025,0.014231,vessel_value
854159,2025,0.905141,0.094859,0.0,vessel_value
854160,2018,0.8758,0.108198,0.006757,vessel_value
854160,2019,0.927528,0.072075,0.000397,vessel_value
854160,2020,0.853566,0.136872,0.009562,vessel_value
854160,2021,0.764819,0.230408,0.00397,vessel_value
854160,2022,0.695379,0.291556,0.013065,vessel_value
854160,2023,0.655408,0.215387,0.098232,vessel_value
854160,2024,0.705527,0.165158,0.129314,vessel_value
854160,2025,0.714662,0.249926,0.035412,vessel_value
854190,2018,0.47596,0.503128,0.020912,vessel_value
854190,2019,0.170454,0.767056,0.06249,vessel_value
854190,2020,0.368189,0.570571,0.06124,vessel_value
854190,2021,0.254256,0.733806,0.011577,vessel_value
854190,2022,0.144261,0.829815,0.025924,vessel_value
854190,2023,0.105577,0.846917,0.047506,vessel_value
854190,2024,0.149557,0.737093,0.11179,vessel_value
854190,2025,0.179671,0.506591,0.312897,vessel_value
854231,2018,0.874463,0.107021,0.017638,vessel_value
854231,2019,0.777053,0.169575,0.053318,vessel_value
854231,2020,0.738041,0.206454,0.054446,vessel_value
854231,2021,0.651384,0.29804,0.05005,vessel_value
854231,2022,0.574273,0.348813,0.07574,vessel_value
854231,2023,0.687269,0.299634,0.011566,vessel_value
854231,2024,0.830042,0.163817,0.005704,vessel_value
854231,2025,0.728393,0.257009,0.014529,vessel_value
854232,2018,0.492197,0.506341,0.001463,vessel_value
854232,2019,0.413575,0.580037,0.006256,vessel_value
854232,2020,0.400038,0.592124,0.005447,vessel_value
854232,2021,0.426989,0.569728,0.002883,vessel_value
854232,2022,0.471514,0.510371,0.017915,vessel_value
854232,2023,0.509975,0.451956,0.037236,vessel_value
854232,2024,0.437947,0.535908,0.025022,vessel_value
854232,2025,0.422179,0.552084,0.023119,vessel_value
854233,2018,0.556388,0.434543,0.009068,vessel_value
854233,2019,0.715284,0.283761,0.000955,vessel_value
854233,2020,0.589463,0.407853,0.002684,vessel_value
854233,2021,0.353133,0.638193,0.007973,vessel_value
854233,2022,0.39247,0.578295,0.029235,vessel_value
854233,2023,0.657044,0.304782,0.038174,vessel_value
854233,2024,0.703958,0.295287,0.000755,vessel_value
854233,2025,0.708519,0.291183,0.0,vessel_value
854239,2018,0.747693,0.222727,0.02958,vessel_value
854239,2019,0.621034,0.375788,0.003178,vessel_value
854239,2020,0.618895,0.3626,0.007705,vessel_value
854239,2021,0.483757,0.462986,0.001511,vessel_value
854239,2022,0.593915,0.391609,0.008568,vessel_value
854239,2023,0.729701,0.258164,0.012135,vessel_value
854239,2024,0.669915,0.280814,0.048923,vessel_value
854239,2025,0.644774,0.337361,0.017496,vessel_value
854290,2018,0.809433,0.178876,0.011535,vessel_value
854290,2019,0.874068,0.12233,0.003603,vessel_value
854290,2020,0.799577,0.190409,0.010014,vessel_value
854290,2021,0.822168,0.17539,0.002441,vessel_value
854290,2022,0.674158,0.324826,0.001017,vessel_value
854290,2023,0.368314,0.380421,0.250543,vessel_value
854290,2024,0.500819,0.436458,0.062556,vessel_value
854290,2025,0.621153,0.353749,0.025099,vessel_value
