locode,port_name,country_iso3,latitude,longitude,source,role
TWKHH,Kaohsiung,TWN,22.6203348,120.3120375,OSM-filled republication (improved-un-locodes),origin
MYPKG,Port Klang,MYS,3.0,101.4,UN/LOCODE official,origin
CNSGH,Shanghai,CHN,31.23333,121.48333,UN/LOCODE official,origin
KRPUS,Busan,KOR,35.13333,129.05,UN/LOCODE official,origin
JPYOK,Yokohama,JPN,35.45,139.65,UN/LOCODE official,origin
VNSGN,Ho Chi Minh City,VNM,10.76667,106.66667,UN/LOCODE official,origin
THLCH,Laem Chabang,THA,13.08333,100.88333,UN/LOCODE official,origin
PHBTG,Batangas,PHL,13.75,121.05,UN/LOCODE official,origin
SGSIN,Singapore,SGP,1.28333,103.85,UN/LOCODE official,origin
DEHAM,Hamburg,DEU,53.51667,9.93333,UN/LOCODE official,origin
IEDFT,Dublin,IRL,53.31667,-6.23333,UN/LOCODE official,origin
ILHFA,Haifa,ISR,32.8,34.98333,UN/LOCODE official,origin
INBOM,Mumbai,IND,18.96667,72.81667,UN/LOCODE official,origin
MXZLO,Manzanillo,MEX,19.05,-104.3,UN/LOCODE official,origin
CAWVR,Vancouver,CAN,49.33333,-123.15,UN/LOCODE official,origin
USLAX,Los Angeles,USA,34.05,-118.25,UN/LOCODE official,us_destination
USNYC,New York,USA,40.7,-74.0,UN/LOCODE official,us_destination
