hs6_code,hs_version,basket,decision,reason
854110,H5,semiconductors_and_sme,include,"HS2017 leaf of heading 8541, verified against the live Comtrade H5 code list (docs/verification/round1_sources_and_hs_codes.md section 1)"
854121,H5,semiconductors_and_sme,include,"HS2017 leaf of heading 8541, verified against the live Comtrade H5 code list (docs/verification/round1_sources_and_hs_codes.md section 1)"
854129,H5,semiconductors_and_sme,include,"HS2017 leaf of heading 8541, verified against the live Comtrade H5 code list (docs/verification/round1_sources_and_hs_codes.md section 1)"
854130,H5,semiconductors_and_sme,include,"HS2017 leaf of heading 8541, verified against the live Comtrade H5 code list (docs/verification/round1_sources_and_hs_codes.md section 1)"
854140,H5,semiconductors_and_sme,include,"HS2017 leaf of heading 8541, verified against the live Comtrade H5 code list (docs/verification/round1_sources_and_hs_codes.md section 1)"
854150,H5,semiconductors_and_sme,include,"HS2017 leaf of heading 8541, verified against the live Comtrade H5 code list (docs/verification/round1_sources_and_hs_codes.md section 1)"
854160,H5,semiconductors_and_sme,include,"HS2017 leaf of heading 8541, verified against the live Comtrade H5 code list (docs/verification/round1_sources_and_hs_codes.md section 1)"
854190,H5,semiconductors_and_sme,include,"HS2017 leaf of heading 8541, verified against the live Comtrade H5 code list (docs/verification/round1_sources_and_hs_codes.md section 1)"
854231,H5,semiconductors_and_sme,include,"HS2017 leaf of heading 8542, verified against the live Comtrade H5 code list (docs/verification/round1_sources_and_hs_codes.md section 1)"
854232,H5,semiconductors_and_sme,include,"HS2017 leaf of heading 8542, verified against the live Comtrade H5 code list (docs/verification/round1_sources_and_hs_codes.md section 1)"
854233,H5,semiconductors_and_sme,include,"HS2017 leaf of heading 8542, verified against the live Comtrade H5 code list (docs/verification/round1_sources_and_hs_codes.md section 1)"
854239,H5,semiconductors_and_sme,include,"HS2017 leaf of heading 8542, verified against the live Comtrade H5 code list (docs/verification/round1_sources_and_hs_codes.md section 1)"
854290,H5,semiconductors_and_sme,include,"HS2017 leaf of heading 8542, verified against the live Comtrade H5 code list (docs/verification/round1_sources_and_hs_codes.md section 1)"
848610,H5,semiconductors_and_sme,include,"HS2017 leaf of heading 8486, verified against the live Comtrade H5 code list (docs/verification/round1_sources_and_hs_codes.md section 1)"
848620,H5,semiconductors_and_sme,include,"HS2017 leaf of heading 8486, verified against the live Comtrade H5 code list (docs/verification/round1_sources_and_hs_codes.md section 1)"
848630,H5,semiconductors_and_sme,include,"HS2017 leaf of heading 8486, verified against the live Comtrade H5 code list (docs/verification/round1_sources_and_hs_codes.md section 1)"
848640,H5,semiconductors_and_sme,include,"HS2017 leaf of heading 8486, verified against the live Comtrade H5 code list (docs/verification/round1_sources_and_hs_codes.md section 1)"
848690,H5,semiconductors_and_sme,include,"HS2017 leaf of heading 8486, verified against the live Comtrade H5 code list (docs/verification/round1_sources_and_hs_codes.md section 1)"
280530,H5,rare_earths_and_magnets,include,"Named in docs/00_project_brief.md section 3, verified against the live Comtrade H5 code list (docs/verification/round1_sources_and_hs_codes.md section 1)"
284610,H5,rare_earths_and_magnets,include,"HS2017 leaf of heading 2846, verified against the live Comtrade H5 code list (docs/verification/round1_sources_and_hs_codes.md section 1)"
284690,H5,rare_earths_and_magnets,include,"HS2017 leaf of heading 2846, verified against the live Comtrade H5 code list (docs/verification/round1_sources_and_hs_codes.md section 1)"
850511,H5,rare_earths_and_magnets,include,"Named in docs/00_project_brief.md section 3, verified against the live Comtrade H5 code list (docs/verification/round1_sources_and_hs_codes.md section 1)"
850519,H5,rare_earths_and_magnets,exclude,"Mostly ferrite (ceramic) magnets with no rare earth content; would dilute the magnet basket"
253090,H5,rare_earths_and_magnets,exclude,"Catch-all heading; rare earth concentrates cannot be isolated at HS6 so concentration would describe unrelated minerals"
360690,H5,rare_earths_and_magnets,exclude,"Cerium content is trace; mostly lighter flints and consumer goods rather than an industrial input"
903082,H5,semiconductors_and_sme,exclude,"Deferred; wafer inspection metrology is SME in substance but outside the 8541/8542/8486 families; scope decision after refactor merges"
