iso3,country,gateway_iso3,reason
LAO,Laos,THA,"Landlocked; containerized exports move by road and rail to Laem Chabang, Thailand"
ETH,Ethiopia,DJI,"Landlocked; the large majority of Ethiopian seaborne trade moves through the port of Djibouti"
AUT,Austria,DEU,"Landlocked; overseas container traffic moves mainly through Hamburg and Bremerhaven"
CZE,Czechia,DEU,"Landlocked; overseas container traffic moves mainly by rail to Hamburg"
SVK,Slovakia,DEU,"Landlocked; overseas container traffic moves mainly by rail to Hamburg"
HUN,Hungary,DEU,"Landlocked; overseas container traffic moves mainly by rail to Hamburg"
CHE,Switzerland,NLD,"Landlocked; overseas container traffic moves mainly down the Rhine to Rotterdam"
LIE,Liechtenstein,NLD,"Landlocked; customs union with Switzerland, routed as Switzerland via Rotterdam"
LUX,Luxembourg,BEL,"Landlocked; nearest deep-sea container port is Antwerp"
ARM,Armenia,GEO,"Landlocked; Turkish and Azerbaijani borders closed, overseas trade moves through Poti and Batumi, Georgia"
SRB,Serbia,GRC,"Landlocked; overseas container traffic moves mainly by rail to Piraeus and Thessaloniki"
MWI,Malawi,MOZ,"Landlocked; overseas trade moves mainly through Beira and Nacala, Mozambique"
SWZ,Eswatini,ZAF,"Landlocked; overseas trade moves mainly through Durban, South Africa"
IOT,British Indian Ocean Territory,,"no plausible gateway, reported as unrouted"
TKL,Tokelau,,"no plausible gateway, reported as unrouted"
