basket,canonical_product_id,year,total_import_value_usd,hhi,effective_suppliers,top1_partner_name,top1_partner_iso3,top1_share,top3_share,supplier_count,n_codes
rare_earths_and_magnets,280530,2018,7915298.0,6156.618313,1.624268,China,CHN,0.768327,0.957738,8,1
rare_earths_and_magnets,280530,2019,8281433.0,5031.695263,1.987402,China,CHN,0.680972,0.956322,8,1
rare_earths_and_magnets,280530,2020,8978071.0,6024.715197,1.659829,China,CHN,0.743585,0.987337,10,1
rare_earths_and_magnets,280530,2021,17421536.0,5111.548710,1.956354,China,CHN,0.629541,0.978471,10,1
rare_earths_and_magnets,280530,2022,17922183.0,8733.357601,1.145035,China,CHN,0.934090,0.964820,9,1
rare_earths_and_magnets,280530,2023,22096375.0,9748.734108,1.025774,China,CHN,0.987334,0.995686,12,1
rare_earths_and_magnets,280530,2024,4695777.0,6280.214550,1.592302,China,CHN,0.782064,0.960160,11,1
rare_earths_and_magnets,280530,2025,8182023.0,6923.542106,1.444347,China,CHN,0.825260,0.959235,11,1
rare_earths_and_magnets,284610,2018,42219958.0,3108.301419,3.217191,Japan,JPN,0.438407,0.903485,12,1
rare_earths_and_magnets,284610,2019,41511611.0,3943.649593,2.535722,Japan,JPN,0.573137,0.928295,13,1
rare_earths_and_magnets,284610,2020,31509105.0,5349.909235,1.869191,Japan,JPN,0.691623,0.953605,11,1
rare_earths_and_magnets,284610,2021,32058893.0,5168.294345,1.934874,Japan,JPN,0.700811,0.895520,16,1
rare_earths_and_magnets,284610,2022,32610129.0,5415.567148,1.846529,Japan,JPN,0.718954,0.901549,16,1
rare_earths_and_magnets,284610,2023,20060275.0,5044.030869,1.982541,Japan,JPN,0.692530,0.873546,15,1
rare_earths_and_magnets,284610,2024,19390596.0,5450.702382,1.834626,Japan,JPN,0.713441,0.944268,16,1
rare_earths_and_magnets,284610,2025,21103788.0,5657.328360,1.767619,Japan,JPN,0.729720,0.955137,13,1
rare_earths_and_magnets,284690,2018,114800290.0,4445.797353,2.249315,China,CHN,0.652729,0.809900,22,1
rare_earths_and_magnets,284690,2019,113991396.0,4823.689731,2.073102,China,CHN,0.684462,0.811731,20,1
rare_earths_and_magnets,284690,2020,66739537.0,3599.467714,2.778189,China,CHN,0.573311,0.782623,19,1
rare_earths_and_magnets,284690,2021,107470622.0,4331.420549,2.308711,China,CHN,0.646012,0.776311,20,1
rare_earths_and_magnets,284690,2022,164708371.0,5183.354709,1.929252,China,CHN,0.710109,0.842956,21,1
rare_earths_and_magnets,284690,2023,161208423.0,4749.727800,2.105384,China,CHN,0.672263,0.854634,23,1
rare_earths_and_magnets,284690,2024,151078687.0,5642.912638,1.772134,China,CHN,0.745201,0.848132,23,1
rare_earths_and_magnets,284690,2025,180151099.0,3764.011684,2.656740,China,CHN,0.585650,0.803375,23,1
semiconductors_and_sme,848610,2018,168690403.0,3014.275272,3.317547,Japan,JPN,0.422561,0.844166,23,1
semiconductors_and_sme,848610,2019,158152754.0,4029.927455,2.481434,Japan,JPN,0.601033,0.868915,20,1
semiconductors_and_sme,848610,2020,88716743.0,3406.719630,2.935375,Japan,JPN,0.483745,0.904162,18,1
semiconductors_and_sme,848610,2021,69317227.0,3779.604987,2.645779,Japan,JPN,0.563042,0.866711,24,1
semiconductors_and_sme,848610,2022,182272596.0,2559.029924,3.907731,Japan,JPN,0.366450,0.774968,26,1
semiconductors_and_sme,848610,2023,269258958.0,2799.671621,3.571847,Singapore,SGP,0.377081,0.891003,20,1
semiconductors_and_sme,848610,2024,558437580.0,2122.959739,4.710405,Japan,JPN,0.264609,0.758939,23,1
semiconductors_and_sme,848610,2025,462767496.0,2348.573614,4.257904,Japan,JPN,0.351819,0.747096,22,1
semiconductors_and_sme,848620,2018,3774566210.0,2312.175675,4.324931,Japan,JPN,0.354437,0.747615,42,1
semiconductors_and_sme,848620,2019,6685663976.0,3020.438181,3.310778,Japan,JPN,0.432106,0.858130,41,1
semiconductors_and_sme,848620,2020,3698656030.0,2331.330913,4.289395,Japan,JPN,0.419708,0.711651,38,1
semiconductors_and_sme,848620,2021,4492157448.0,2213.119787,4.518508,Japan,JPN,0.411669,0.682404,42,1
semiconductors_and_sme,848620,2022,6541808171.0,2521.062416,3.966582,Japan,JPN,0.455506,0.695788,44,1
semiconductors_and_sme,848620,2023,5917002999.0,1892.523117,5.283951,Japan,JPN,0.361660,0.640676,46,1
semiconductors_and_sme,848620,2024,7388999428.0,1574.517366,6.351153,Japan,JPN,0.287448,0.595607,45,1
semiconductors_and_sme,848620,2025,7166789336.0,1518.446058,6.585680,Netherlands,NLD,0.268357,0.605192,45,1
semiconductors_and_sme,848630,2018,14804318.0,2384.169977,4.194332,Japan,JPN,0.348459,0.781942,15,1
semiconductors_and_sme,848630,2019,9873758.0,3387.164354,2.952322,Germany,DEU,0.533807,0.835966,10,1
semiconductors_and_sme,848630,2020,4435465.0,2165.693323,4.617459,Rep. of Korea,KOR,0.313986,0.745776,16,1
semiconductors_and_sme,848630,2021,5066472.0,3153.591651,3.170988,Germany,DEU,0.520017,0.792987,18,1
semiconductors_and_sme,848630,2022,6032752.0,1908.971826,5.238422,Belarus,BLR,0.308628,0.677337,15,1
semiconductors_and_sme,848630,2023,6862493.0,1581.452276,6.323302,China,CHN,0.270536,0.602151,18,1
semiconductors_and_sme,848630,2024,10465224.0,2240.998370,4.462297,Switzerland,CHE,0.388366,0.716798,14,1
semiconductors_and_sme,848630,2025,15125447.0,2092.932414,4.777985,Rep. of Korea,KOR,0.320585,0.727942,15,1
semiconductors_and_sme,848640,2018,682771182.0,2105.763747,4.748871,Japan,JPN,0.362462,0.690583,33,1
semiconductors_and_sme,848640,2019,532934608.0,1989.283869,5.026935,Japan,JPN,0.368839,0.669248,33,1
semiconductors_and_sme,848640,2020,441008680.0,1951.440876,5.124419,Japan,JPN,0.337688,0.668640,32,1
semiconductors_and_sme,848640,2021,601344116.0,1515.934805,6.596590,Japan,JPN,0.253730,0.602766,35,1
semiconductors_and_sme,848640,2022,943842348.0,1967.303822,5.083099,Singapore,SGP,0.307355,0.695655,31,1
semiconductors_and_sme,848640,2023,1088935228.0,1289.241422,7.756499,Singapore,SGP,0.256680,0.533742,33,1
semiconductors_and_sme,848640,2024,1307011312.0,1298.750773,7.699707,Singapore,SGP,0.266943,0.513690,34,1
semiconductors_and_sme,848640,2025,1100502601.0,1189.575294,8.406362,Japan,JPN,0.200088,0.503811,34,1
semiconductors_and_sme,848690,2018,3981878483.0,1788.730664,5.590557,Japan,JPN,0.302171,0.649242,72,1
semiconductors_and_sme,848690,2019,3195910499.0,2349.672146,4.255913,Japan,JPN,0.432337,0.693071,68,1
semiconductors_and_sme,848690,2020,3875447511.0,2086.424547,4.792888,Japan,JPN,0.336564,0.708315,61,1
semiconductors_and_sme,848690,2021,3874718307.0,1761.009798,5.678560,Japan,JPN,0.338854,0.610685,67,1
semiconductors_and_sme,848690,2022,4162221598.0,1601.899944,6.242587,Japan,JPN,0.315552,0.583501,70,1
semiconductors_and_sme,848690,2023,3739923214.0,1680.177847,5.951751,Japan,JPN,0.339569,0.587378,65,1
semiconductors_and_sme,848690,2024,4436525639.0,1628.983978,6.138796,Japan,JPN,0.331265,0.580913,69,1
semiconductors_and_sme,848690,2025,4115369257.0,1512.762313,6.610424,Japan,JPN,0.295126,0.570865,62,1
rare_earths_and_magnets,850511,2018,406265003.0,4471.807846,2.236232,China,CHN,0.651066,0.843813,54,1
rare_earths_and_magnets,850511,2019,392530217.0,4875.266096,2.051170,China,CHN,0.686498,0.839311,52,1
rare_earths_and_magnets,850511,2020,331268320.0,4987.844891,2.004874,China,CHN,0.698180,0.822296,50,1
rare_earths_and_magnets,850511,2021,508377634.0,5514.369385,1.813444,China,CHN,0.737046,0.840524,51,1
rare_earths_and_magnets,850511,2022,663127475.0,6291.639809,1.589411,China,CHN,0.789958,0.873830,54,1
rare_earths_and_magnets,850511,2023,558207879.0,6412.576160,1.559436,China,CHN,0.798063,0.876866,55,1
rare_earths_and_magnets,850511,2024,478125345.0,5712.635820,1.750505,China,CHN,0.752504,0.827641,55,1
rare_earths_and_magnets,850511,2025,407683063.0,5363.944797,1.864300,China,CHN,0.727399,0.829457,53,1
semiconductors_and_sme,854110,2018,685843022.0,2358.123203,4.240661,China,CHN,0.441942,0.672552,63,1
semiconductors_and_sme,854110,2019,511985823.0,1551.288837,6.446253,China,CHN,0.310292,0.590720,60,1
semiconductors_and_sme,854110,2020,424763903.0,1589.502561,6.291276,China,CHN,0.325678,0.571099,62,1
semiconductors_and_sme,854110,2021,552602128.0,1742.845272,5.737744,China,CHN,0.352596,0.587730,62,1
semiconductors_and_sme,854110,2022,781405355.0,2008.566033,4.978676,China,CHN,0.391846,0.637238,61,1
semiconductors_and_sme,854110,2023,548481363.0,1521.807803,6.571132,China,CHN,0.311357,0.580355,53,1
semiconductors_and_sme,854110,2024,491417410.0,1298.348568,7.702092,China,CHN,0.272404,0.522749,57,1
semiconductors_and_sme,854110,2025,460864799.0,1215.107873,8.229722,China,CHN,0.230146,0.528808,56,1
semiconductors_and_sme,854121,2018,177933281.0,1915.532886,5.220479,China,CHN,0.332729,0.677782,37,1
semiconductors_and_sme,854121,2019,125874885.0,1746.657295,5.725222,China,CHN,0.298889,0.668522,35,1
semiconductors_and_sme,854121,2020,103664984.0,1886.142443,5.301827,China,CHN,0.305406,0.693415,34,1
semiconductors_and_sme,854121,2021,136028678.0,1887.544429,5.297889,China,CHN,0.340130,0.663927,38,1
semiconductors_and_sme,854121,2022,179942293.0,2042.545024,4.895853,China,CHN,0.361591,0.678262,46,1
semiconductors_and_sme,854121,2023,134662169.0,1651.792186,6.054030,China,CHN,0.293719,0.609916,38,1
semiconductors_and_sme,854121,2024,140668333.0,3027.563480,3.302986,Japan,JPN,0.486789,0.815146,34,1
semiconductors_and_sme,854121,2025,176479310.0,2571.386667,3.888952,Japan,JPN,0.467501,0.702566,34,1
semiconductors_and_sme,854129,2018,1304132957.0,1646.496730,6.073501,Mexico,MEX,0.270380,0.655124,54,1
semiconductors_and_sme,854129,2019,1211639720.0,1549.215218,6.454881,Mexico,MEX,0.250896,0.617272,50,1
semiconductors_and_sme,854129,2020,1100763849.0,1549.476166,6.453794,Mexico,MEX,0.266141,0.600048,48,1
semiconductors_and_sme,854129,2021,1543331500.0,1043.730503,9.581017,Mexico,MEX,0.186647,0.471232,53,1
semiconductors_and_sme,854129,2022,1973948908.0,913.755093,10.943851,Japan,JPN,0.148341,0.394712,57,1
semiconductors_and_sme,854129,2023,2111763060.0,924.530636,10.816299,Japan,JPN,0.139665,0.375220,51,1
semiconductors_and_sme,854129,2024,1707434415.0,939.143381,10.648001,Japan,JPN,0.151387,0.401298,54,1
semiconductors_and_sme,854129,2025,1214621170.0,1231.012255,8.123396,Japan,JPN,0.261739,0.488173,52,1
semiconductors_and_sme,854130,2018,106904285.0,1293.778157,7.729300,China,CHN,0.257679,0.544925,40,1
semiconductors_and_sme,854130,2019,85497490.0,1068.932842,9.355125,China,CHN,0.186420,0.468008,41,1
semiconductors_and_sme,854130,2020,64349139.0,1146.249027,8.724108,China,CHN,0.193316,0.513748,40,1
semiconductors_and_sme,854130,2021,74252095.0,1499.461113,6.669063,China,CHN,0.280274,0.607896,37,1
semiconductors_and_sme,854130,2022,124268701.0,1378.175869,7.255968,China,CHN,0.286135,0.572024,44,1
semiconductors_and_sme,854130,2023,113918027.0,1273.721154,7.851012,Germany,DEU,0.229097,0.539104,42,1
semiconductors_and_sme,854130,2024,116783244.0,1071.135765,9.335885,Germany,DEU,0.180507,0.466425,37,1
semiconductors_and_sme,854130,2025,99446096.0,1116.708762,8.954886,Germany,DEU,0.183568,0.485859,41,1
semiconductors_and_sme,854140,2018,5604065096.0,1235.692558,8.092628,Malaysia,MYS,0.254560,0.499442,81,1
semiconductors_and_sme,854140,2019,8427935905.0,1753.638763,5.702429,Malaysia,MYS,0.330012,0.625951,79,1
semiconductors_and_sme,854140,2020,10470590319.0,1660.438167,6.022507,Malaysia,MYS,0.269809,0.643924,76,1
semiconductors_and_sme,854140,2021,9556549366.0,1577.038613,6.340999,Malaysia,MYS,0.264059,0.630412,78,1
semiconductors_and_sme,854140,2022,13161925028.0,1503.885792,6.649441,Viet Nam,VNM,0.288474,0.590078,78,4
semiconductors_and_sme,854140,2023,22053273241.0,1438.549553,6.951446,Viet Nam,VNM,0.234305,0.584835,76,4
semiconductors_and_sme,854140,2024,19048113102.0,1630.192805,6.134244,Viet Nam,VNM,0.296688,0.636255,71,4
semiconductors_and_sme,854140,2025,10893415665.0,1409.974485,7.092327,Indonesia,IDN,0.296537,0.544043,71,4
semiconductors_and_sme,854150,2018,430418593.0,1709.409117,5.849975,Rep. of Korea,KOR,0.340013,0.616002,53,1
semiconductors_and_sme,854150,2019,403242568.0,1421.710062,7.033783,Rep. of Korea,KOR,0.294519,0.543534,49,1
semiconductors_and_sme,854150,2020,403359507.0,1530.444890,6.534048,Rep. of Korea,KOR,0.294517,0.606896,49,1
semiconductors_and_sme,854150,2021,829974738.0,2817.871159,3.548778,Israel,ISR,0.501885,0.689246,50,1
semiconductors_and_sme,854150,2022,823725690.0,2964.500024,3.373250,Israel,ISR,0.513332,0.733647,54,2
semiconductors_and_sme,854150,2023,1161767417.0,2753.607454,3.631600,Taiwan,TWN,0.407585,0.822965,55,2
semiconductors_and_sme,854150,2024,927311638.0,2854.745132,3.502940,Israel,ISR,0.445052,0.836853,48,2
semiconductors_and_sme,854150,2025,1177247219.0,1954.903889,5.115341,Israel,ISR,0.276781,0.724546,48,2
semiconductors_and_sme,854160,2018,362545656.0,1597.830305,6.258487,China,CHN,0.305729,0.606647,50,1
semiconductors_and_sme,854160,2019,265866519.0,1242.719193,8.046870,Japan,JPN,0.250530,0.531327,55,1
semiconductors_and_sme,854160,2020,329123113.0,1488.089394,6.720026,Singapore,SGP,0.255653,0.609796,45,1
semiconductors_and_sme,854160,2021,346757782.0,1362.000918,7.342139,Japan,JPN,0.255677,0.559877,45,1
semiconductors_and_sme,854160,2022,425414358.0,1564.445360,6.392042,Japan,JPN,0.279703,0.623107,50,1
semiconductors_and_sme,854160,2023,280546904.0,1540.648608,6.490773,Japan,JPN,0.313632,0.580148,45,1
semiconductors_and_sme,854160,2024,248444560.0,1466.558071,6.818687,Japan,JPN,0.301248,0.567914,44,1
semiconductors_and_sme,854160,2025,344672053.0,2769.992322,3.610118,Japan,JPN,0.484561,0.737388,47,1
semiconductors_and_sme,854190,2018,230875248.0,1100.168463,9.089517,Japan,JPN,0.205506,0.448626,47,1
semiconductors_and_sme,854190,2019,285382882.0,1095.557066,9.127776,China,CHN,0.185135,0.500239,50,1
semiconductors_and_sme,854190,2020,318897767.0,1170.043183,8.546693,Malaysia,MYS,0.202316,0.499426,46,1
semiconductors_and_sme,854190,2021,396415132.0,1281.494272,7.803390,Malaysia,MYS,0.213713,0.505176,50,1
semiconductors_and_sme,854190,2022,515806516.0,1406.460005,7.110049,Malaysia,MYS,0.262678,0.539538,63,1
semiconductors_and_sme,854190,2023,429032390.0,1411.226534,7.086035,Malaysia,MYS,0.246138,0.574068,45,1
semiconductors_and_sme,854190,2024,640054267.0,1530.493417,6.533841,Viet Nam,VNM,0.286515,0.579677,45,1
semiconductors_and_sme,854190,2025,833493424.0,2137.557740,4.678236,Viet Nam,VNM,0.404359,0.672946,48,1
semiconductors_and_sme,854231,2018,21619335521.0,3841.665992,2.603037,Malaysia,MYS,0.604048,0.745247,96,1
semiconductors_and_sme,854231,2019,21831882288.0,4040.346637,2.475035,Malaysia,MYS,0.621661,0.759725,88,1
semiconductors_and_sme,854231,2020,21403723805.0,4136.808963,2.417322,Malaysia,MYS,0.625439,0.803654,94,1
semiconductors_and_sme,854231,2021,27551319937.0,3926.471759,2.546816,Malaysia,MYS,0.610313,0.768050,98,1
semiconductors_and_sme,854231,2022,24501417815.0,2291.799448,4.363384,Malaysia,MYS,0.438663,0.639575,96,1
semiconductors_and_sme,854231,2023,20283575882.0,1590.063396,6.289057,Malaysia,MYS,0.328311,0.562729,93,1
semiconductors_and_sme,854231,2024,28368407940.0,1871.177705,5.344228,Taiwan,TWN,0.284177,0.700577,86,1
semiconductors_and_sme,854231,2025,32631786419.0,2066.478773,4.839150,Taiwan,TWN,0.312576,0.729077,83,1
semiconductors_and_sme,854232,2018,3030260106.0,1717.153107,5.823593,Taiwan,TWN,0.282876,0.622966,56,1
semiconductors_and_sme,854232,2019,1801292465.0,1700.677926,5.880008,Taiwan,TWN,0.262794,0.634183,51,1
semiconductors_and_sme,854232,2020,1691681037.0,1734.443243,5.765539,Taiwan,TWN,0.294853,0.610067,55,1
semiconductors_and_sme,854232,2021,2228543926.0,3172.071225,3.152514,Taiwan,TWN,0.498953,0.793557,56,1
semiconductors_and_sme,854232,2022,2772404016.0,2561.748310,3.903584,Taiwan,TWN,0.437839,0.758173,65,1
semiconductors_and_sme,854232,2023,2032402264.0,2185.677016,4.575241,Taiwan,TWN,0.358452,0.727950,55,1
semiconductors_and_sme,854232,2024,1881609997.0,2074.642768,4.820107,Taiwan,TWN,0.346973,0.702740,54,1
semiconductors_and_sme,854232,2025,2319610041.0,2189.858777,4.566505,Taiwan,TWN,0.348371,0.737621,51,1
semiconductors_and_sme,854233,2018,1304179439.0,2940.581933,3.400687,Mexico,MEX,0.501407,0.742055,58,1
semiconductors_and_sme,854233,2019,1152050710.0,2939.031714,3.402481,Mexico,MEX,0.497441,0.754701,52,1
semiconductors_and_sme,854233,2020,804841188.0,1913.535895,5.225928,Mexico,MEX,0.345086,0.653611,59,1
semiconductors_and_sme,854233,2021,650843464.0,1587.621016,6.298732,Malaysia,MYS,0.310901,0.550686,54,1
semiconductors_and_sme,854233,2022,895984017.0,1713.697529,5.835335,Malaysia,MYS,0.319830,0.587446,58,1
semiconductors_and_sme,854233,2023,801729340.0,1657.718181,6.032388,Malaysia,MYS,0.301774,0.598485,52,1
semiconductors_and_sme,854233,2024,799399981.0,1400.725724,7.139156,Malaysia,MYS,0.228028,0.547661,51,1
semiconductors_and_sme,854233,2025,610419093.0,1352.569683,7.393334,Taiwan,TWN,0.218188,0.560804,47,1
semiconductors_and_sme,854239,2018,8528902976.0,1303.844029,7.669629,Taiwan,TWN,0.215077,0.542900,97,1
semiconductors_and_sme,854239,2019,8028539941.0,1406.897563,7.107838,Taiwan,TWN,0.247824,0.585578,91,1
semiconductors_and_sme,854239,2020,7731843327.0,1448.709743,6.902694,Taiwan,TWN,0.249478,0.570630,84,1
semiconductors_and_sme,854239,2021,10504769130.0,1410.649895,7.088931,Taiwan,TWN,0.255633,0.556862,96,1
semiconductors_and_sme,854239,2022,15129066181.0,1489.229457,6.714882,Taiwan,TWN,0.266587,0.567580,104,1
semiconductors_and_sme,854239,2023,12660950656.0,1572.722433,6.358401,Taiwan,TWN,0.288240,0.591830,90,1
semiconductors_and_sme,854239,2024,8953636146.0,1486.486715,6.727272,Taiwan,TWN,0.275627,0.591626,85,1
semiconductors_and_sme,854239,2025,6471100993.0,1362.221913,7.340948,Taiwan,TWN,0.280241,0.537079,81,1
semiconductors_and_sme,854290,2018,313481641.0,1831.036041,5.461389,Japan,JPN,0.350371,0.627824,58,1
semiconductors_and_sme,854290,2019,271280583.0,2070.624774,4.829460,Japan,JPN,0.414255,0.626113,55,1
semiconductors_and_sme,854290,2020,277947686.0,2234.219660,4.475836,Japan,JPN,0.419120,0.678225,55,1
semiconductors_and_sme,854290,2021,315776546.0,1547.599507,6.461620,Japan,JPN,0.327203,0.574431,67,1
semiconductors_and_sme,854290,2022,386077118.0,1356.806005,7.370250,Japan,JPN,0.292489,0.520310,65,1
semiconductors_and_sme,854290,2023,284163159.0,1609.213610,6.214215,Japan,JPN,0.354524,0.549242,65,1
semiconductors_and_sme,854290,2024,383397618.0,1070.716038,9.339544,Japan,JPN,0.188570,0.496516,59,1
semiconductors_and_sme,854290,2025,390406457.0,1275.170668,7.842088,Japan,JPN,0.289146,0.513003,63,1
